"","Murder","Assault","UrbanPop","Rape"
"1",-0.467285383643508,-0.406126895316073,0.583479066196905,-0.15960936064479
"2",1.33114245989071,0.830282191746746,-0.782529974826154,-0.0399511902001624
"3",0.656208001128449,1.06959394210106,0.746727949834107,1.23896182713941
"4",-0.998470026804828,-1.14930069206347,-0.905766877179729,-1.02611677958705
