"","Var1","Var2","Var3"
"A",-0.350823207722812,-0.239045721866879,0.350823207722812
"B",0.526234811584217,-1.43427433120127,1.22788122702984
"C",1.40329283089125,0.956182887467515,-1.40329283089125
"D",-1.22788122702984,-0.239045721866879,-0.526234811584217
