"","Murder","Assault","UrbanPop","Rape"
"Alabama",1.1635921103803,0.740723806644826,-0.496844428461051,-0.0622349496413372
"Michigan",0.913686504330881,0.963885684275842,0.57867762844287,1.39538507968727
"Oklahoma",-0.335841525916216,-0.257631961704457,0.1753568571039,-0.188072650015029
"New Hampshire",-1.35818264157293,-1.36169598787896,-0.631284685574041,-1.28915252828484
