"","Murder","Assault","UrbanPop","Rape"
"1",-0.998470026804828,-1.14930069206347,-0.905766877179729,-1.02611677958705
"2",0.966298210867601,1.01457619387624,0.19658426612174,0.778338812065388
"3",-0.425201712321766,-0.365689291925791,0.475606764656244,-0.165002404946519
