"","Alabama","Alaska","Arizona","Arkansas","California","Colorado"
"Alabama",0,2.89370926616471,3.33994163306818,2.55314061685917,3.52024206161937,3.46021815396014
"Alaska",2.89370926616471,0,2.52642721122119,3.0411812923349,2.50872626151047,2.51645551016107
"Arizona",3.33994163306818,2.52642721122119,0,3.24743011390317,1.27436326817782,2.3128899287053
"Arkansas",2.55314061685917,3.0411812923349,3.24743011390317,0,3.7036422511988,2.4806433883373
"California",3.52024206161937,2.50872626151047,1.27436326817782,3.7036422511988,0,1.98489303698385
"Colorado",3.46021815396014,2.51645551016107,2.3128899287053,2.4806433883373,1.98489303698385,0
